name,category,type,grade
1.jpg,0,4,3
2.jpg,0,4,3
3.jpg,0,2,2
4.jpg,0,2,1
5.jpg,0,1,3
6.jpg,0,1,3
7.jpg,0,1,3
8.jpg,0,2,3
9.jpg,0,0,0
10.jpg,0,1,2
11.jpg,0,1,1
12.jpg,0,1,1
13.jpg,0,1,3
14.jpg,0,1,2
15.jpg,0,2,2
16.jpg,0,0,0
17.jpg,0,2,2
18.jpg,0,1,2
19.jpg,0,1,3
20.jpg,0,1,2
21.jpg,0,4,2
22.jpg,0,4,2
23.jpg,0,4,2
24.jpg,0,4,2
25.jpg,0,2,2
26.jpg,0,1,3
27.jpg,0,4,3
28.jpg,0,4,2
29.jpg,0,4,3
30.jpg,0,4,3
31.jpg,0,4,3
32.jpg,0,4,3
33.jpg,0,4,3
34.jpg,0,4,3
35.jpg,0,1,3
36.jpg,0,0,0
37.jpg,0,4,2
38.jpg,0,1,1
39.jpg,0,4,3
40.jpg,0,4,3
41.jpg,0,4,3
42.jpg,0,4,3
43.jpg,0,4,3
44.jpg,0,2,1
45.jpg,0,4,2
46.jpg,0,4,3
47.jpg,0,4,2
48.jpg,0,4,3
49.jpg,0,4,3
50.jpg,0,4,3
51.jpg,0,4,1
52.jpg,0,3,2
53.jpg,0,4,3
54.jpg,0,2,2
55.jpg,0,1,2
56.jpg,0,0,0
57.jpg,0,0,0
58.jpg,0,4,3
59.jpg,0,4,3
60.jpg,0,1,1
61.jpg,0,2,2
62.jpg,0,4,3
63.jpg,0,4,2
64.jpg,0,4,2
65.jpg,0,4,1
66.jpg,0,4,2
67.jpg,0,4,2
68.jpg,0,4,2
69.jpg,0,2,2
70.jpg,0,4,1
71.jpg,0,4,3
72.jpg,0,0,0
73.jpg,0,3,2
74.jpg,0,4,2
75.jpg,0,0,0
76.jpg,0,4,3
77.jpg,0,4,1
78.jpg,0,1,1
79.jpg,0,4,2
80.jpg,0,4,3
81.jpg,0,4,3
82.jpg,0,4,3
83.jpg,0,4,2
84.jpg,0,4,3
85.jpg,0,4,3
86.jpg,0,4,3
87.jpg,0,1,1
88.jpg,0,4,1
89.jpg,0,0,0
90.jpg,0,4,1
91.jpg,0,0,0
92.jpg,0,1,1
93.jpg,0,4,2
94.jpg,0,0,0
95.jpg,0,4,2
96.jpg,0,4,2
97.jpg,0,4,1
98.jpg,0,4,3
99.jpg,0,4,3
100.jpg,0,4,3
101.jpg,0,4,3
102.jpg,0,4,3
103.jpg,0,4,3
104.jpg,0,4,3
105.jpg,0,4,3
106.jpg,0,4,3
107.jpg,0,4,3
108.jpg,0,4,2
109.jpg,0,4,3
110.jpg,0,4,3
111.jpg,0,4,3
112.jpg,0,4,3
113.jpg,0,4,3
114.jpg,0,4,2
115.jpg,0,4,3
116.jpg,0,4,3
117.jpg,0,4,3
118.jpg,0,4,3
119.jpg,0,4,3
120.jpg,0,4,2
121.jpg,0,4,3
122.jpg,0,4,3
123.jpg,0,4,3
124.jpg,0,4,3
125.jpg,0,4,3
126.jpg,0,4,2
127.jpg,0,4,3
128.jpg,0,4,3
129.jpg,0,4,2
130.jpg,0,4,3
131.jpg,0,4,2
132.jpg,0,4,2
133.jpg,0,4,2
134.jpg,0,4,2
135.jpg,0,4,3
136.jpg,0,4,3
137.jpg,0,4,3
138.jpg,0,4,3
139.jpg,0,4,3
140.jpg,0,4,3
141.jpg,0,4,2
142.jpg,0,4,2
143.jpg,0,4,3
144.jpg,0,4,3
145.jpg,0,4,2
146.jpg,0,4,2
147.jpg,0,4,3
148.jpg,0,4,3
149.jpg,0,4,3
150.jpg,0,4,3
151.jpg,0,4,3
152.jpg,0,4,3
153.jpg,0,4,2
154.jpg,0,4,2
155.jpg,0,1,2
156.jpg,0,4,2
157.jpg,0,4,1
158.jpg,0,4,3
159.jpg,0,4,3
160.jpg,0,0,0
161.jpg,0,4,3
162.jpg,0,4,1
163.jpg,0,0,0
164.jpg,0,0,0
165.jpg,0,0,0
166.jpg,0,4,3
167.jpg,0,4,3
168.jpg,0,4,3
169.jpg,0,4,3
170.jpg,0,4,3
171.jpg,0,4,3
172.jpg,0,4,2
173.jpg,0,4,3
174.jpg,0,4,1
175.jpg,0,0,0
176.jpg,0,4,3
177.jpg,0,4,3
178.jpg,0,4,1
179.jpg,0,0,0
180.jpg,0,0,0
181.jpg,0,4,2
182.jpg,0,2,2
183.jpg,0,4,1
184.jpg,0,0,0
185.jpg,0,4,2
186.jpg,0,0,0
187.jpg,0,4,3
188.jpg,0,4,2
189.jpg,0,4,3
190.jpg,0,4,2
191.jpg,0,4,2
192.jpg,0,4,2
193.jpg,0,0,0
194.jpg,0,4,3
195.jpg,0,4,3
196.jpg,0,2,1
197.jpg,0,4,3
198.jpg,0,4,2
199.jpg,0,2,2
200.jpg,0,1,1
201.jpg,0,4,2
202.jpg,0,4,3
203.jpg,0,4,3
204.jpg,0,4,2
205.jpg,0,0,0
206.jpg,0,4,2
207.jpg,0,4,1
208.jpg,0,4,2
209.jpg,0,4,3
210.jpg,0,2,1
211.jpg,0,0,0
212.jpg,0,4,2
213.jpg,0,4,2
214.jpg,0,4,3
215.jpg,0,4,3
216.jpg,0,4,3
217.jpg,0,4,3
218.jpg,0,4,3
219.jpg,0,0,0
220.jpg,0,4,1
221.jpg,0,4,3
222.jpg,0,4,3
223.jpg,0,4,3
224.jpg,0,4,2
225.jpg,0,4,2
226.jpg,0,4,3
227.jpg,0,1,1
228.jpg,0,4,2
229.jpg,0,4,2
230.jpg,0,4,2
231.jpg,0,4,2
232.jpg,0,4,1
233.jpg,0,4,1
234.jpg,0,4,2
235.jpg,0,4,3
236.jpg,0,2,3
237.jpg,0,4,2
238.jpg,0,4,3
239.jpg,0,4,2
240.jpg,0,2,3
241.jpg,0,4,3
242.jpg,0,4,3
243.jpg,0,1,2
244.jpg,0,1,1
245.jpg,0,4,3
246.jpg,0,4,3
247.jpg,0,4,2
248.jpg,0,4,3
249.jpg,0,4,2
250.jpg,0,4,3
251.jpg,0,4,2
252.jpg,0,4,2
253.jpg,0,1,2
254.jpg,0,4,3
255.jpg,0,4,3
256.jpg,0,4,3
257.jpg,0,4,3
258.jpg,0,2,1
259.jpg,0,4,3
260.jpg,0,4,3
261.jpg,0,4,2
262.jpg,0,4,3
263.jpg,0,0,0
264.jpg,0,4,2
265.jpg,0,4,2
266.jpg,0,4,3
267.jpg,0,4,3
268.jpg,0,2,1
269.jpg,0,4,2
270.jpg,0,4,1
271.jpg,0,1,2
272.jpg,0,0,0
273.jpg,0,4,3
274.jpg,0,4,3
275.jpg,0,4,3
276.jpg,0,1,1
277.jpg,0,2,1
278.jpg,0,4,3
279.jpg,0,4,2
280.jpg,0,0,0
281.jpg,0,0,0
282.jpg,0,4,3
283.jpg,0,4,3
284.jpg,0,4,3
285.jpg,0,4,3
286.jpg,0,4,3
287.jpg,0,4,3
288.jpg,0,1,2
289.jpg,0,4,1
290.jpg,0,4,1
291.jpg,0,4,2
292.jpg,0,4,3
293.jpg,0,2,2
294.jpg,0,4,2
295.jpg,0,0,0
296.jpg,0,2,2
297.jpg,0,0,0
298.jpg,0,1,1
299.jpg,0,4,3
300.jpg,0,4,2
301.jpg,0,4,2
302.jpg,0,2,3
303.jpg,0,4,2
304.jpg,0,4,3
305.jpg,0,4,3
306.jpg,0,4,3
307.jpg,0,4,1
308.jpg,0,0,0
309.jpg,0,4,2
310.jpg,0,4,3
311.jpg,0,1,1
312.jpg,0,4,3
313.jpg,0,4,1
314.jpg,0,4,3
315.jpg,0,2,2
316.jpg,0,4,2
317.jpg,0,4,3
318.jpg,0,4,3
319.jpg,0,4,2
320.jpg,0,3,2
321.jpg,0,1,1
322.jpg,0,0,0
323.jpg,0,4,3
324.jpg,0,0,0
325.jpg,0,4,3
326.jpg,0,4,3
327.jpg,0,4,3
328.jpg,0,1,1
329.jpg,0,1,1
330.jpg,0,0,0
331.jpg,0,4,3
332.jpg,0,4,3
333.jpg,0,4,2
334.jpg,0,4,3
335.jpg,0,4,3
336.jpg,0,1,1
337.jpg,0,4,2
338.jpg,0,0,0
339.jpg,0,2,3
340.jpg,0,2,3
341.jpg,0,4,3
342.jpg,0,4,2
343.jpg,0,0,0
344.jpg,0,4,2
345.jpg,0,4,2
346.jpg,0,4,3
347.jpg,0,4,3
348.jpg,0,4,3
349.jpg,0,4,3
350.jpg,0,4,2
351.jpg,0,2,2
352.jpg,0,4,3
353.jpg,0,1,1
354.jpg,0,3,1
355.jpg,0,4,2
356.jpg,0,4,3
357.jpg,0,4,3
358.jpg,0,0,0
359.jpg,1,4,4
360.jpg,1,4,4
361.jpg,1,4,4
362.jpg,1,4,4
363.jpg,1,4,2
364.jpg,1,4,4
365.jpg,1,4,4
366.jpg,1,4,4
367.jpg,1,4,4
368.jpg,1,4,4
369.jpg,1,4,4
370.jpg,1,2,3
371.jpg,1,4,2
372.jpg,1,1,3
373.jpg,1,4,3
374.jpg,1,4,3
375.jpg,1,2,2
376.jpg,1,4,2
377.jpg,1,4,2
378.jpg,1,4,2
379.jpg,1,4,2
380.jpg,1,4,1
381.jpg,1,4,3
382.jpg,1,2,3
383.jpg,1,2,3
384.jpg,1,3,3
385.jpg,1,4,3
386.jpg,1,4,2
387.jpg,1,1,3
388.jpg,1,1,2
389.jpg,1,4,3
390.jpg,1,4,2
391.jpg,1,1,2
392.jpg,1,1,1
393.jpg,1,4,1
394.jpg,1,4,1
395.jpg,1,4,2
396.jpg,1,2,3
397.jpg,1,2,3
398.jpg,1,4,2
399.jpg,1,4,3
400.jpg,1,1,1
401.jpg,1,4,1
402.jpg,1,1,3
403.jpg,1,1,1
404.jpg,1,2,3
405.jpg,1,4,3
406.jpg,1,4,3
407.jpg,1,1,1
408.jpg,1,4,1
409.jpg,1,4,1
410.jpg,1,4,2
411.jpg,1,4,2
412.jpg,1,4,2
413.jpg,1,4,3
414.jpg,1,1,2
415.jpg,1,4,1
416.jpg,1,4,1
417.jpg,1,1,2
418.jpg,1,4,1
419.jpg,1,2,1
420.jpg,1,1,3
421.jpg,1,4,3
422.jpg,1,4,3
423.jpg,1,4,3
424.jpg,1,4,2
425.jpg,1,4,3
426.jpg,1,4,1
427.jpg,1,4,2
428.jpg,1,4,2
429.jpg,1,4,2
430.jpg,1,4,3
431.jpg,1,4,1
432.jpg,1,4,3
433.jpg,1,4,2
434.jpg,1,4,3
435.jpg,1,4,1
436.jpg,1,4,2
437.jpg,1,4,2
438.jpg,1,4,3
439.jpg,1,4,2
440.jpg,1,4,3
441.jpg,1,4,1
442.jpg,1,4,1
443.jpg,1,4,3
444.jpg,1,4,2
445.jpg,1,4,3
446.jpg,1,4,1
447.jpg,1,1,3
448.jpg,1,4,3
449.jpg,1,4,1
450.jpg,1,4,3
451.jpg,1,4,3
452.jpg,1,2,1
453.jpg,1,4,3
454.jpg,1,1,3
455.jpg,1,4,2
456.jpg,1,4,2
457.jpg,1,4,2
458.jpg,1,4,2
459.jpg,1,4,1
460.jpg,1,4,2
461.jpg,1,1,3
462.jpg,1,1,3
463.jpg,1,1,2
464.jpg,1,4,3
465.jpg,1,4,1
466.jpg,1,4,1
467.jpg,1,4,3
468.jpg,1,4,3
469.jpg,1,4,2
470.jpg,1,4,2
471.jpg,1,4,2
472.jpg,1,4,3
473.jpg,1,4,3
474.jpg,1,4,3
475.jpg,1,4,4
476.jpg,1,2,2
477.jpg,1,4,1
478.jpg,1,4,1
479.jpg,1,4,2
480.jpg,1,4,3
481.jpg,1,4,2
482.jpg,1,3,3
483.jpg,1,4,3
484.jpg,1,1,1
485.jpg,1,4,2
486.jpg,1,4,3
487.jpg,1,1,3
488.jpg,1,4,1
489.jpg,1,4,3
490.jpg,1,4,1
491.jpg,1,4,3
492.jpg,1,4,3
493.jpg,1,4,2
494.jpg,1,4,3
495.jpg,1,4,3
496.jpg,1,4,3
497.jpg,1,4,3
498.jpg,1,4,3
499.jpg,1,4,3
500.jpg,1,4,2
501.jpg,1,4,2
502.jpg,1,4,2
503.jpg,1,4,3
504.jpg,1,4,1
505.jpg,1,4,1
506.jpg,1,4,2
507.jpg,1,4,3
508.jpg,1,3,3
509.jpg,1,4,2
510.jpg,1,4,2
511.jpg,1,4,1
512.jpg,1,4,2
513.jpg,1,4,2
514.jpg,1,4,1
515.jpg,1,4,2
516.jpg,1,4,3
517.jpg,1,4,3
518.jpg,1,4,3
519.jpg,1,4,2
520.jpg,1,4,3
521.jpg,1,4,1
522.jpg,1,4,1
523.jpg,1,4,2
524.jpg,1,1,1
525.jpg,1,4,3
526.jpg,1,4,1
527.jpg,1,4,3
528.jpg,1,4,2
529.jpg,1,4,3
530.jpg,1,4,2
531.jpg,1,4,2
532.jpg,1,4,3
533.jpg,1,4,1
534.jpg,1,4,2
535.jpg,1,4,3
536.jpg,1,4,3
537.jpg,1,4,3
538.jpg,1,4,2
539.jpg,1,4,3
540.jpg,1,4,3
541.jpg,1,4,3
542.jpg,1,4,2
543.jpg,1,4,2
544.jpg,1,4,2
545.jpg,1,4,3
546.jpg,1,4,2
547.jpg,1,4,2
548.jpg,1,4,2
549.jpg,1,4,2
550.jpg,1,4,1
551.jpg,1,4,1
552.jpg,1,4,1
553.jpg,1,4,2
554.jpg,1,4,1
555.jpg,1,4,2
556.jpg,1,4,2
557.jpg,1,4,3
558.jpg,1,4,2
559.jpg,1,4,2
560.jpg,1,4,3
561.jpg,1,4,3
562.jpg,1,4,2
563.jpg,1,4,2
564.jpg,1,4,2
565.jpg,1,4,2
566.jpg,1,4,2
567.jpg,1,4,2
568.jpg,1,4,2
569.jpg,1,4,2
570.jpg,1,4,2
571.jpg,1,4,2
572.jpg,1,4,2
573.jpg,1,4,2
574.jpg,1,4,2
575.jpg,1,4,3
576.jpg,1,4,3
577.jpg,1,4,2
578.jpg,1,4,3
579.jpg,1,4,1
580.jpg,1,4,2
581.jpg,1,4,2
582.jpg,1,4,3
583.jpg,1,2,2
584.jpg,1,4,2
585.jpg,1,4,1
586.jpg,1,4,2
587.jpg,1,4,2
588.jpg,1,4,2
589.jpg,1,4,2
590.jpg,1,4,3
591.jpg,1,4,3
592.jpg,1,4,1
593.jpg,1,4,2
594.jpg,1,4,3
595.jpg,1,4,3
596.jpg,1,4,3
597.jpg,1,4,3
598.jpg,1,4,3
599.jpg,1,4,1
600.jpg,1,4,3
601.jpg,1,4,3
602.jpg,1,4,2
603.jpg,1,4,3
604.jpg,1,4,3
605.jpg,1,4,3
606.jpg,1,4,3
607.jpg,1,4,2
608.jpg,1,4,3
609.jpg,1,4,3
610.jpg,1,4,1
611.jpg,1,4,3
612.jpg,1,4,3
613.jpg,1,1,1
614.jpg,1,4,1
615.jpg,1,4,3
616.jpg,1,4,3
617.jpg,1,4,3
618.jpg,1,4,2
619.jpg,1,4,3
620.jpg,1,4,1
621.jpg,1,4,3
622.jpg,2,4,4
623.jpg,2,4,4
624.jpg,2,3,4
625.jpg,2,4,4
626.jpg,2,4,4
627.jpg,2,1,4
628.jpg,2,4,4
629.jpg,2,4,4
630.jpg,2,1,4
631.jpg,2,1,4
632.jpg,2,4,4
633.jpg,2,1,4
634.jpg,2,4,4
635.jpg,2,4,4
636.jpg,2,1,4
637.jpg,2,1,4
638.jpg,2,1,4
639.jpg,2,1,4
640.jpg,2,4,4
641.jpg,2,1,4
642.jpg,2,1,4
643.jpg,2,4,4
644.jpg,2,4,4
645.jpg,2,4,4
646.jpg,2,1,4
647.jpg,2,4,4
648.jpg,2,4,4
649.jpg,2,4,4
650.jpg,2,1,4
651.jpg,2,4,4
652.jpg,2,4,4
653.jpg,2,4,4
654.jpg,2,1,4
655.jpg,2,4,4
656.jpg,2,4,4
657.jpg,2,1,4
658.jpg,2,4,4
659.jpg,2,4,4
660.jpg,2,4,4
661.jpg,2,4,4
662.jpg,2,4,4
663.jpg,2,1,4
664.jpg,2,4,4
665.jpg,2,4,4
666.jpg,2,4,4
667.jpg,2,4,4
668.jpg,2,4,4
669.jpg,2,4,4
670.jpg,2,1,4
671.jpg,2,1,4
672.jpg,2,4,4
673.jpg,2,4,4
674.jpg,2,4,4
675.jpg,2,1,4
676.jpg,2,4,4
677.jpg,2,3,4
678.jpg,2,4,4
679.jpg,2,4,4
680.jpg,2,4,4
681.jpg,2,4,4
682.jpg,2,4,4
683.jpg,2,4,4
684.jpg,2,4,4
685.jpg,2,4,4
686.jpg,2,4,4
687.jpg,2,4,4
688.jpg,2,4,4
689.jpg,2,4,4
690.jpg,2,4,4
691.jpg,2,4,4
692.jpg,2,4,4
693.jpg,2,4,4
694.jpg,2,4,4
695.jpg,2,4,4
696.jpg,2,4,4
697.jpg,2,4,4
698.jpg,2,4,4
699.jpg,2,1,4
700.jpg,2,4,4
701.jpg,2,4,4
702.jpg,2,4,4
703.jpg,2,4,4
704.jpg,2,1,4
705.jpg,2,4,4
706.jpg,2,1,4
707.jpg,2,2,4
708.jpg,2,2,4
709.jpg,2,2,4
710.jpg,2,1,4
711.jpg,2,3,4
712.jpg,2,4,4
1_augmented.jpg,0,4,3
1_augmented.jpg,0,4,3
2_augmented.jpg,0,4,3
2_augmented.jpg,0,4,3
3_augmented.jpg,0,2,2
3_augmented.jpg,0,2,2
4_augmented.jpg,0,2,1
4_augmented.jpg,0,2,1
5_augmented.jpg,0,1,3
5_augmented.jpg,0,1,3
6_augmented.jpg,0,1,3
6_augmented.jpg,0,1,3
7_augmented.jpg,0,1,3
7_augmented.jpg,0,1,3
8_augmented.jpg,0,2,3
8_augmented.jpg,0,2,3
9_augmented.jpg,0,0,0
9_augmented.jpg,0,0,0
10_augmented.jpg,0,1,2
10_augmented.jpg,0,1,2
11_augmented.jpg,0,1,1
11_augmented.jpg,0,1,1
12_augmented.jpg,0,1,1
12_augmented.jpg,0,1,1
13_augmented.jpg,0,1,3
13_augmented.jpg,0,1,3
14_augmented.jpg,0,1,2
14_augmented.jpg,0,1,2
15_augmented.jpg,0,2,2
15_augmented.jpg,0,2,2
16_augmented.jpg,0,0,0
16_augmented.jpg,0,0,0
17_augmented.jpg,0,2,2
17_augmented.jpg,0,2,2
18_augmented.jpg,0,1,2
18_augmented.jpg,0,1,2
19_augmented.jpg,0,1,3
19_augmented.jpg,0,1,3
20_augmented.jpg,0,1,2
20_augmented.jpg,0,1,2
21_augmented.jpg,0,4,2
21_augmented.jpg,0,4,2
22_augmented.jpg,0,4,2
22_augmented.jpg,0,4,2
23_augmented.jpg,0,4,2
23_augmented.jpg,0,4,2
24_augmented.jpg,0,4,2
24_augmented.jpg,0,4,2
25_augmented.jpg,0,2,2
25_augmented.jpg,0,2,2
26_augmented.jpg,0,1,3
26_augmented.jpg,0,1,3
27_augmented.jpg,0,4,3
27_augmented.jpg,0,4,3
28_augmented.jpg,0,4,2
28_augmented.jpg,0,4,2
29_augmented.jpg,0,4,3
29_augmented.jpg,0,4,3
30_augmented.jpg,0,4,3
30_augmented.jpg,0,4,3
31_augmented.jpg,0,4,3
31_augmented.jpg,0,4,3
32_augmented.jpg,0,4,3
32_augmented.jpg,0,4,3
33_augmented.jpg,0,4,3
33_augmented.jpg,0,4,3
34_augmented.jpg,0,4,3
34_augmented.jpg,0,4,3
35_augmented.jpg,0,1,3
35_augmented.jpg,0,1,3
36_augmented.jpg,0,0,0
36_augmented.jpg,0,0,0
37_augmented.jpg,0,4,2
37_augmented.jpg,0,4,2
38_augmented.jpg,0,1,1
38_augmented.jpg,0,1,1
39_augmented.jpg,0,4,3
39_augmented.jpg,0,4,3
40_augmented.jpg,0,4,3
40_augmented.jpg,0,4,3
41_augmented.jpg,0,4,3
41_augmented.jpg,0,4,3
42_augmented.jpg,0,4,3
42_augmented.jpg,0,4,3
43_augmented.jpg,0,4,3
43_augmented.jpg,0,4,3
44_augmented.jpg,0,2,1
44_augmented.jpg,0,2,1
45_augmented.jpg,0,4,2
45_augmented.jpg,0,4,2
46_augmented.jpg,0,4,3
46_augmented.jpg,0,4,3
47_augmented.jpg,0,4,2
47_augmented.jpg,0,4,2
48_augmented.jpg,0,4,3
48_augmented.jpg,0,4,3
49_augmented.jpg,0,4,3
49_augmented.jpg,0,4,3
50_augmented.jpg,0,4,3
50_augmented.jpg,0,4,3
51_augmented.jpg,0,4,1
51_augmented.jpg,0,4,1
52_augmented.jpg,0,3,2
52_augmented.jpg,0,3,2
53_augmented.jpg,0,4,3
53_augmented.jpg,0,4,3
54_augmented.jpg,0,2,2
54_augmented.jpg,0,2,2
55_augmented.jpg,0,1,2
55_augmented.jpg,0,1,2
56_augmented.jpg,0,0,0
56_augmented.jpg,0,0,0
57_augmented.jpg,0,0,0
57_augmented.jpg,0,0,0
58_augmented.jpg,0,4,3
58_augmented.jpg,0,4,3
59_augmented.jpg,0,4,3
59_augmented.jpg,0,4,3
60_augmented.jpg,0,1,1
60_augmented.jpg,0,1,1
61_augmented.jpg,0,2,2
61_augmented.jpg,0,2,2
62_augmented.jpg,0,4,3
62_augmented.jpg,0,4,3
63_augmented.jpg,0,4,2
63_augmented.jpg,0,4,2
64_augmented.jpg,0,4,2
64_augmented.jpg,0,4,2
65_augmented.jpg,0,4,1
65_augmented.jpg,0,4,1
66_augmented.jpg,0,4,2
66_augmented.jpg,0,4,2
67_augmented.jpg,0,4,2
67_augmented.jpg,0,4,2
68_augmented.jpg,0,4,2
68_augmented.jpg,0,4,2
69_augmented.jpg,0,2,2
69_augmented.jpg,0,2,2
70_augmented.jpg,0,4,1
70_augmented.jpg,0,4,1
71_augmented.jpg,0,4,3
71_augmented.jpg,0,4,3
72_augmented.jpg,0,0,0
72_augmented.jpg,0,0,0
73_augmented.jpg,0,3,2
73_augmented.jpg,0,3,2
74_augmented.jpg,0,4,2
74_augmented.jpg,0,4,2
75_augmented.jpg,0,0,0
75_augmented.jpg,0,0,0
76_augmented.jpg,0,4,3
76_augmented.jpg,0,4,3
77_augmented.jpg,0,4,1
77_augmented.jpg,0,4,1
78_augmented.jpg,0,1,1
78_augmented.jpg,0,1,1
79_augmented.jpg,0,4,2
79_augmented.jpg,0,4,2
80_augmented.jpg,0,4,3
80_augmented.jpg,0,4,3
81_augmented.jpg,0,4,3
81_augmented.jpg,0,4,3
82_augmented.jpg,0,4,3
82_augmented.jpg,0,4,3
83_augmented.jpg,0,4,2
83_augmented.jpg,0,4,2
84_augmented.jpg,0,4,3
84_augmented.jpg,0,4,3
85_augmented.jpg,0,4,3
85_augmented.jpg,0,4,3
86_augmented.jpg,0,4,3
86_augmented.jpg,0,4,3
87_augmented.jpg,0,1,1
87_augmented.jpg,0,1,1
88_augmented.jpg,0,4,1
88_augmented.jpg,0,4,1
89_augmented.jpg,0,0,0
89_augmented.jpg,0,0,0
90_augmented.jpg,0,4,1
90_augmented.jpg,0,4,1
91_augmented.jpg,0,0,0
91_augmented.jpg,0,0,0
92_augmented.jpg,0,1,1
92_augmented.jpg,0,1,1
93_augmented.jpg,0,4,2
93_augmented.jpg,0,4,2
94_augmented.jpg,0,0,0
94_augmented.jpg,0,0,0
95_augmented.jpg,0,4,2
95_augmented.jpg,0,4,2
96_augmented.jpg,0,4,2
96_augmented.jpg,0,4,2
97_augmented.jpg,0,4,1
97_augmented.jpg,0,4,1
98_augmented.jpg,0,4,3
98_augmented.jpg,0,4,3
99_augmented.jpg,0,4,3
99_augmented.jpg,0,4,3
100_augmented.jpg,0,4,3
100_augmented.jpg,0,4,3
101_augmented.jpg,0,4,3
101_augmented.jpg,0,4,3
102_augmented.jpg,0,4,3
102_augmented.jpg,0,4,3
103_augmented.jpg,0,4,3
103_augmented.jpg,0,4,3
104_augmented.jpg,0,4,3
104_augmented.jpg,0,4,3
105_augmented.jpg,0,4,3
105_augmented.jpg,0,4,3
106_augmented.jpg,0,4,3
106_augmented.jpg,0,4,3
107_augmented.jpg,0,4,3
107_augmented.jpg,0,4,3
108_augmented.jpg,0,4,2
108_augmented.jpg,0,4,2
109_augmented.jpg,0,4,3
109_augmented.jpg,0,4,3
110_augmented.jpg,0,4,3
110_augmented.jpg,0,4,3
111_augmented.jpg,0,4,3
111_augmented.jpg,0,4,3
112_augmented.jpg,0,4,3
112_augmented.jpg,0,4,3
113_augmented.jpg,0,4,3
113_augmented.jpg,0,4,3
114_augmented.jpg,0,4,2
114_augmented.jpg,0,4,2
115_augmented.jpg,0,4,3
115_augmented.jpg,0,4,3
116_augmented.jpg,0,4,3
116_augmented.jpg,0,4,3
117_augmented.jpg,0,4,3
117_augmented.jpg,0,4,3
118_augmented.jpg,0,4,3
118_augmented.jpg,0,4,3
119_augmented.jpg,0,4,3
119_augmented.jpg,0,4,3
120_augmented.jpg,0,4,2
120_augmented.jpg,0,4,2
121_augmented.jpg,0,4,3
121_augmented.jpg,0,4,3
122_augmented.jpg,0,4,3
122_augmented.jpg,0,4,3
123_augmented.jpg,0,4,3
123_augmented.jpg,0,4,3
124_augmented.jpg,0,4,3
124_augmented.jpg,0,4,3
125_augmented.jpg,0,4,3
125_augmented.jpg,0,4,3
126_augmented.jpg,0,4,2
126_augmented.jpg,0,4,2
127_augmented.jpg,0,4,3
127_augmented.jpg,0,4,3
128_augmented.jpg,0,4,3
128_augmented.jpg,0,4,3
129_augmented.jpg,0,4,2
129_augmented.jpg,0,4,2
130_augmented.jpg,0,4,3
130_augmented.jpg,0,4,3
131_augmented.jpg,0,4,2
131_augmented.jpg,0,4,2
132_augmented.jpg,0,4,2
132_augmented.jpg,0,4,2
133_augmented.jpg,0,4,2
133_augmented.jpg,0,4,2
134_augmented.jpg,0,4,2
134_augmented.jpg,0,4,2
135_augmented.jpg,0,4,3
135_augmented.jpg,0,4,3
136_augmented.jpg,0,4,3
136_augmented.jpg,0,4,3
137_augmented.jpg,0,4,3
137_augmented.jpg,0,4,3
138_augmented.jpg,0,4,3
138_augmented.jpg,0,4,3
139_augmented.jpg,0,4,3
139_augmented.jpg,0,4,3
140_augmented.jpg,0,4,3
140_augmented.jpg,0,4,3
141_augmented.jpg,0,4,2
141_augmented.jpg,0,4,2
142_augmented.jpg,0,4,2
142_augmented.jpg,0,4,2
143_augmented.jpg,0,4,3
143_augmented.jpg,0,4,3
144_augmented.jpg,0,4,3
144_augmented.jpg,0,4,3
145_augmented.jpg,0,4,2
145_augmented.jpg,0,4,2
146_augmented.jpg,0,4,2
146_augmented.jpg,0,4,2
147_augmented.jpg,0,4,3
147_augmented.jpg,0,4,3
148_augmented.jpg,0,4,3
148_augmented.jpg,0,4,3
149_augmented.jpg,0,4,3
149_augmented.jpg,0,4,3
150_augmented.jpg,0,4,3
150_augmented.jpg,0,4,3
151_augmented.jpg,0,4,3
151_augmented.jpg,0,4,3
152_augmented.jpg,0,4,3
152_augmented.jpg,0,4,3
153_augmented.jpg,0,4,2
153_augmented.jpg,0,4,2
154_augmented.jpg,0,4,2
154_augmented.jpg,0,4,2
155_augmented.jpg,0,1,2
155_augmented.jpg,0,1,2
156_augmented.jpg,0,4,2
156_augmented.jpg,0,4,2
157_augmented.jpg,0,4,1
157_augmented.jpg,0,4,1
158_augmented.jpg,0,4,3
158_augmented.jpg,0,4,3
159_augmented.jpg,0,4,3
159_augmented.jpg,0,4,3
160_augmented.jpg,0,0,0
160_augmented.jpg,0,0,0
161_augmented.jpg,0,4,3
161_augmented.jpg,0,4,3
162_augmented.jpg,0,4,1
162_augmented.jpg,0,4,1
163_augmented.jpg,0,0,0
163_augmented.jpg,0,0,0
164_augmented.jpg,0,0,0
164_augmented.jpg,0,0,0
165_augmented.jpg,0,0,0
165_augmented.jpg,0,0,0
166_augmented.jpg,0,4,3
166_augmented.jpg,0,4,3
167_augmented.jpg,0,4,3
167_augmented.jpg,0,4,3
168_augmented.jpg,0,4,3
168_augmented.jpg,0,4,3
169_augmented.jpg,0,4,3
169_augmented.jpg,0,4,3
170_augmented.jpg,0,4,3
170_augmented.jpg,0,4,3
171_augmented.jpg,0,4,3
171_augmented.jpg,0,4,3
172_augmented.jpg,0,4,2
172_augmented.jpg,0,4,2
173_augmented.jpg,0,4,3
173_augmented.jpg,0,4,3
174_augmented.jpg,0,4,1
174_augmented.jpg,0,4,1
175_augmented.jpg,0,0,0
175_augmented.jpg,0,0,0
176_augmented.jpg,0,4,3
176_augmented.jpg,0,4,3
177_augmented.jpg,0,4,3
177_augmented.jpg,0,4,3
178_augmented.jpg,0,4,1
178_augmented.jpg,0,4,1
179_augmented.jpg,0,0,0
179_augmented.jpg,0,0,0
180_augmented.jpg,0,0,0
180_augmented.jpg,0,0,0
181_augmented.jpg,0,4,2
181_augmented.jpg,0,4,2
182_augmented.jpg,0,2,2
182_augmented.jpg,0,2,2
183_augmented.jpg,0,4,1
183_augmented.jpg,0,4,1
184_augmented.jpg,0,0,0
184_augmented.jpg,0,0,0
185_augmented.jpg,0,4,2
185_augmented.jpg,0,4,2
186_augmented.jpg,0,0,0
186_augmented.jpg,0,0,0
187_augmented.jpg,0,4,3
187_augmented.jpg,0,4,3
188_augmented.jpg,0,4,2
188_augmented.jpg,0,4,2
189_augmented.jpg,0,4,3
189_augmented.jpg,0,4,3
190_augmented.jpg,0,4,2
190_augmented.jpg,0,4,2
191_augmented.jpg,0,4,2
191_augmented.jpg,0,4,2
192_augmented.jpg,0,4,2
192_augmented.jpg,0,4,2
193_augmented.jpg,0,0,0
193_augmented.jpg,0,0,0
194_augmented.jpg,0,4,3
194_augmented.jpg,0,4,3
195_augmented.jpg,0,4,3
195_augmented.jpg,0,4,3
196_augmented.jpg,0,2,1
196_augmented.jpg,0,2,1
197_augmented.jpg,0,4,3
197_augmented.jpg,0,4,3
198_augmented.jpg,0,4,2
198_augmented.jpg,0,4,2
199_augmented.jpg,0,2,2
199_augmented.jpg,0,2,2
200_augmented.jpg,0,1,1
200_augmented.jpg,0,1,1
201_augmented.jpg,0,4,2
201_augmented.jpg,0,4,2
202_augmented.jpg,0,4,3
202_augmented.jpg,0,4,3
203_augmented.jpg,0,4,3
203_augmented.jpg,0,4,3
204_augmented.jpg,0,4,2
204_augmented.jpg,0,4,2
205_augmented.jpg,0,0,0
205_augmented.jpg,0,0,0
206_augmented.jpg,0,4,2
206_augmented.jpg,0,4,2
207_augmented.jpg,0,4,1
207_augmented.jpg,0,4,1
208_augmented.jpg,0,4,2
208_augmented.jpg,0,4,2
209_augmented.jpg,0,4,3
209_augmented.jpg,0,4,3
210_augmented.jpg,0,2,1
210_augmented.jpg,0,2,1
211_augmented.jpg,0,0,0
211_augmented.jpg,0,0,0
212_augmented.jpg,0,4,2
212_augmented.jpg,0,4,2
213_augmented.jpg,0,4,2
213_augmented.jpg,0,4,2
214_augmented.jpg,0,4,3
214_augmented.jpg,0,4,3
215_augmented.jpg,0,4,3
215_augmented.jpg,0,4,3
216_augmented.jpg,0,4,3
216_augmented.jpg,0,4,3
217_augmented.jpg,0,4,3
217_augmented.jpg,0,4,3
218_augmented.jpg,0,4,3
218_augmented.jpg,0,4,3
219_augmented.jpg,0,0,0
219_augmented.jpg,0,0,0
220_augmented.jpg,0,4,1
220_augmented.jpg,0,4,1
221_augmented.jpg,0,4,3
221_augmented.jpg,0,4,3
222_augmented.jpg,0,4,3
222_augmented.jpg,0,4,3
223_augmented.jpg,0,4,3
223_augmented.jpg,0,4,3
224_augmented.jpg,0,4,2
224_augmented.jpg,0,4,2
225_augmented.jpg,0,4,2
225_augmented.jpg,0,4,2
226_augmented.jpg,0,4,3
226_augmented.jpg,0,4,3
227_augmented.jpg,0,1,1
227_augmented.jpg,0,1,1
228_augmented.jpg,0,4,2
228_augmented.jpg,0,4,2
229_augmented.jpg,0,4,2
229_augmented.jpg,0,4,2
230_augmented.jpg,0,4,2
230_augmented.jpg,0,4,2
231_augmented.jpg,0,4,2
231_augmented.jpg,0,4,2
232_augmented.jpg,0,4,1
232_augmented.jpg,0,4,1
233_augmented.jpg,0,4,1
233_augmented.jpg,0,4,1
234_augmented.jpg,0,4,2
234_augmented.jpg,0,4,2
235_augmented.jpg,0,4,3
235_augmented.jpg,0,4,3
236_augmented.jpg,0,2,3
236_augmented.jpg,0,2,3
237_augmented.jpg,0,4,2
237_augmented.jpg,0,4,2
238_augmented.jpg,0,4,3
238_augmented.jpg,0,4,3
239_augmented.jpg,0,4,2
239_augmented.jpg,0,4,2
240_augmented.jpg,0,2,3
240_augmented.jpg,0,2,3
241_augmented.jpg,0,4,3
241_augmented.jpg,0,4,3
242_augmented.jpg,0,4,3
242_augmented.jpg,0,4,3
243_augmented.jpg,0,1,2
243_augmented.jpg,0,1,2
244_augmented.jpg,0,1,1
244_augmented.jpg,0,1,1
245_augmented.jpg,0,4,3
245_augmented.jpg,0,4,3
246_augmented.jpg,0,4,3
246_augmented.jpg,0,4,3
247_augmented.jpg,0,4,2
247_augmented.jpg,0,4,2
248_augmented.jpg,0,4,3
248_augmented.jpg,0,4,3
249_augmented.jpg,0,4,2
249_augmented.jpg,0,4,2
250_augmented.jpg,0,4,3
250_augmented.jpg,0,4,3
251_augmented.jpg,0,4,2
251_augmented.jpg,0,4,2
252_augmented.jpg,0,4,2
252_augmented.jpg,0,4,2
253_augmented.jpg,0,1,2
253_augmented.jpg,0,1,2
254_augmented.jpg,0,4,3
254_augmented.jpg,0,4,3
255_augmented.jpg,0,4,3
255_augmented.jpg,0,4,3
256_augmented.jpg,0,4,3
256_augmented.jpg,0,4,3
257_augmented.jpg,0,4,3
257_augmented.jpg,0,4,3
258_augmented.jpg,0,2,1
258_augmented.jpg,0,2,1
259_augmented.jpg,0,4,3
259_augmented.jpg,0,4,3
260_augmented.jpg,0,4,3
260_augmented.jpg,0,4,3
261_augmented.jpg,0,4,2
261_augmented.jpg,0,4,2
262_augmented.jpg,0,4,3
262_augmented.jpg,0,4,3
263_augmented.jpg,0,0,0
263_augmented.jpg,0,0,0
264_augmented.jpg,0,4,2
264_augmented.jpg,0,4,2
265_augmented.jpg,0,4,2
265_augmented.jpg,0,4,2
266_augmented.jpg,0,4,3
266_augmented.jpg,0,4,3
267_augmented.jpg,0,4,3
267_augmented.jpg,0,4,3
268_augmented.jpg,0,2,1
268_augmented.jpg,0,2,1
269_augmented.jpg,0,4,2
269_augmented.jpg,0,4,2
270_augmented.jpg,0,4,1
270_augmented.jpg,0,4,1
271_augmented.jpg,0,1,2
271_augmented.jpg,0,1,2
272_augmented.jpg,0,0,0
272_augmented.jpg,0,0,0
273_augmented.jpg,0,4,3
273_augmented.jpg,0,4,3
274_augmented.jpg,0,4,3
274_augmented.jpg,0,4,3
275_augmented.jpg,0,4,3
275_augmented.jpg,0,4,3
276_augmented.jpg,0,1,1
276_augmented.jpg,0,1,1
277_augmented.jpg,0,2,1
277_augmented.jpg,0,2,1
278_augmented.jpg,0,4,3
278_augmented.jpg,0,4,3
279_augmented.jpg,0,4,2
279_augmented.jpg,0,4,2
280_augmented.jpg,0,0,0
280_augmented.jpg,0,0,0
281_augmented.jpg,0,0,0
281_augmented.jpg,0,0,0
282_augmented.jpg,0,4,3
282_augmented.jpg,0,4,3
283_augmented.jpg,0,4,3
283_augmented.jpg,0,4,3
284_augmented.jpg,0,4,3
284_augmented.jpg,0,4,3
285_augmented.jpg,0,4,3
285_augmented.jpg,0,4,3
286_augmented.jpg,0,4,3
286_augmented.jpg,0,4,3
287_augmented.jpg,0,4,3
287_augmented.jpg,0,4,3
288_augmented.jpg,0,1,2
288_augmented.jpg,0,1,2
289_augmented.jpg,0,4,1
289_augmented.jpg,0,4,1
290_augmented.jpg,0,4,1
290_augmented.jpg,0,4,1
291_augmented.jpg,0,4,2
291_augmented.jpg,0,4,2
292_augmented.jpg,0,4,3
292_augmented.jpg,0,4,3
293_augmented.jpg,0,2,2
293_augmented.jpg,0,2,2
294_augmented.jpg,0,4,2
294_augmented.jpg,0,4,2
295_augmented.jpg,0,0,0
295_augmented.jpg,0,0,0
296_augmented.jpg,0,2,2
296_augmented.jpg,0,2,2
297_augmented.jpg,0,0,0
297_augmented.jpg,0,0,0
298_augmented.jpg,0,1,1
298_augmented.jpg,0,1,1
299_augmented.jpg,0,4,3
299_augmented.jpg,0,4,3
300_augmented.jpg,0,4,2
300_augmented.jpg,0,4,2
301_augmented.jpg,0,4,2
301_augmented.jpg,0,4,2
302_augmented.jpg,0,2,3
302_augmented.jpg,0,2,3
303_augmented.jpg,0,4,2
303_augmented.jpg,0,4,2
304_augmented.jpg,0,4,3
304_augmented.jpg,0,4,3
305_augmented.jpg,0,4,3
305_augmented.jpg,0,4,3
306_augmented.jpg,0,4,3
306_augmented.jpg,0,4,3
307_augmented.jpg,0,4,1
307_augmented.jpg,0,4,1
308_augmented.jpg,0,0,0
308_augmented.jpg,0,0,0
309_augmented.jpg,0,4,2
309_augmented.jpg,0,4,2
310_augmented.jpg,0,4,3
310_augmented.jpg,0,4,3
311_augmented.jpg,0,1,1
311_augmented.jpg,0,1,1
312_augmented.jpg,0,4,3
312_augmented.jpg,0,4,3
313_augmented.jpg,0,4,1
313_augmented.jpg,0,4,1
314_augmented.jpg,0,4,3
314_augmented.jpg,0,4,3
315_augmented.jpg,0,2,2
315_augmented.jpg,0,2,2
316_augmented.jpg,0,4,2
316_augmented.jpg,0,4,2
317_augmented.jpg,0,4,3
317_augmented.jpg,0,4,3
318_augmented.jpg,0,4,3
318_augmented.jpg,0,4,3
319_augmented.jpg,0,4,2
319_augmented.jpg,0,4,2
320_augmented.jpg,0,3,2
320_augmented.jpg,0,3,2
321_augmented.jpg,0,1,1
321_augmented.jpg,0,1,1
322_augmented.jpg,0,0,0
322_augmented.jpg,0,0,0
323_augmented.jpg,0,4,3
323_augmented.jpg,0,4,3
324_augmented.jpg,0,0,0
324_augmented.jpg,0,0,0
325_augmented.jpg,0,4,3
325_augmented.jpg,0,4,3
326_augmented.jpg,0,4,3
326_augmented.jpg,0,4,3
327_augmented.jpg,0,4,3
327_augmented.jpg,0,4,3
328_augmented.jpg,0,1,1
328_augmented.jpg,0,1,1
329_augmented.jpg,0,1,1
329_augmented.jpg,0,1,1
330_augmented.jpg,0,0,0
330_augmented.jpg,0,0,0
331_augmented.jpg,0,4,3
331_augmented.jpg,0,4,3
332_augmented.jpg,0,4,3
332_augmented.jpg,0,4,3
333_augmented.jpg,0,4,2
333_augmented.jpg,0,4,2
334_augmented.jpg,0,4,3
334_augmented.jpg,0,4,3
335_augmented.jpg,0,4,3
335_augmented.jpg,0,4,3
336_augmented.jpg,0,1,1
336_augmented.jpg,0,1,1
337_augmented.jpg,0,4,2
337_augmented.jpg,0,4,2
338_augmented.jpg,0,0,0
338_augmented.jpg,0,0,0
339_augmented.jpg,0,2,3
339_augmented.jpg,0,2,3
340_augmented.jpg,0,2,3
340_augmented.jpg,0,2,3
341_augmented.jpg,0,4,3
341_augmented.jpg,0,4,3
342_augmented.jpg,0,4,2
342_augmented.jpg,0,4,2
343_augmented.jpg,0,0,0
343_augmented.jpg,0,0,0
344_augmented.jpg,0,4,2
344_augmented.jpg,0,4,2
345_augmented.jpg,0,4,2
345_augmented.jpg,0,4,2
346_augmented.jpg,0,4,3
346_augmented.jpg,0,4,3
347_augmented.jpg,0,4,3
347_augmented.jpg,0,4,3
348_augmented.jpg,0,4,3
348_augmented.jpg,0,4,3
349_augmented.jpg,0,4,3
349_augmented.jpg,0,4,3
350_augmented.jpg,0,4,2
350_augmented.jpg,0,4,2
351_augmented.jpg,0,2,2
351_augmented.jpg,0,2,2
352_augmented.jpg,0,4,3
352_augmented.jpg,0,4,3
353_augmented.jpg,0,1,1
353_augmented.jpg,0,1,1
354_augmented.jpg,0,3,1
354_augmented.jpg,0,3,1
355_augmented.jpg,0,4,2
355_augmented.jpg,0,4,2
356_augmented.jpg,0,4,3
356_augmented.jpg,0,4,3
357_augmented.jpg,0,4,3
357_augmented.jpg,0,4,3
358_augmented.jpg,0,0,0
358_augmented.jpg,0,0,0
359_augmented.jpg,1,4,4
359_augmented.jpg,1,4,4
360_augmented.jpg,1,4,4
360_augmented.jpg,1,4,4
361_augmented.jpg,1,4,4
361_augmented.jpg,1,4,4
362_augmented.jpg,1,4,4
362_augmented.jpg,1,4,4
363_augmented.jpg,1,4,2
363_augmented.jpg,1,4,2
364_augmented.jpg,1,4,4
364_augmented.jpg,1,4,4
365_augmented.jpg,1,4,4
365_augmented.jpg,1,4,4
366_augmented.jpg,1,4,4
366_augmented.jpg,1,4,4
367_augmented.jpg,1,4,4
367_augmented.jpg,1,4,4
368_augmented.jpg,1,4,4
368_augmented.jpg,1,4,4
369_augmented.jpg,1,4,4
369_augmented.jpg,1,4,4
370_augmented.jpg,1,2,3
370_augmented.jpg,1,2,3
371_augmented.jpg,1,4,2
371_augmented.jpg,1,4,2
372_augmented.jpg,1,1,3
372_augmented.jpg,1,1,3
373_augmented.jpg,1,4,3
373_augmented.jpg,1,4,3
374_augmented.jpg,1,4,3
374_augmented.jpg,1,4,3
375_augmented.jpg,1,2,2
375_augmented.jpg,1,2,2
376_augmented.jpg,1,4,2
376_augmented.jpg,1,4,2
377_augmented.jpg,1,4,2
377_augmented.jpg,1,4,2
378_augmented.jpg,1,4,2
378_augmented.jpg,1,4,2
379_augmented.jpg,1,4,2
379_augmented.jpg,1,4,2
380_augmented.jpg,1,4,1
380_augmented.jpg,1,4,1
381_augmented.jpg,1,4,3
381_augmented.jpg,1,4,3
382_augmented.jpg,1,2,3
382_augmented.jpg,1,2,3
383_augmented.jpg,1,2,3
383_augmented.jpg,1,2,3
384_augmented.jpg,1,3,3
384_augmented.jpg,1,3,3
385_augmented.jpg,1,4,3
385_augmented.jpg,1,4,3
386_augmented.jpg,1,4,2
386_augmented.jpg,1,4,2
387_augmented.jpg,1,1,3
387_augmented.jpg,1,1,3
388_augmented.jpg,1,1,2
388_augmented.jpg,1,1,2
389_augmented.jpg,1,4,3
389_augmented.jpg,1,4,3
390_augmented.jpg,1,4,2
390_augmented.jpg,1,4,2
391_augmented.jpg,1,1,2
391_augmented.jpg,1,1,2
392_augmented.jpg,1,1,1
392_augmented.jpg,1,1,1
393_augmented.jpg,1,4,1
393_augmented.jpg,1,4,1
394_augmented.jpg,1,4,1
394_augmented.jpg,1,4,1
395_augmented.jpg,1,4,2
395_augmented.jpg,1,4,2
396_augmented.jpg,1,2,3
396_augmented.jpg,1,2,3
397_augmented.jpg,1,2,3
397_augmented.jpg,1,2,3
398_augmented.jpg,1,4,2
398_augmented.jpg,1,4,2
399_augmented.jpg,1,4,3
399_augmented.jpg,1,4,3
400_augmented.jpg,1,1,1
400_augmented.jpg,1,1,1
401_augmented.jpg,1,4,1
401_augmented.jpg,1,4,1
402_augmented.jpg,1,1,3
402_augmented.jpg,1,1,3
403_augmented.jpg,1,1,1
403_augmented.jpg,1,1,1
404_augmented.jpg,1,2,3
404_augmented.jpg,1,2,3
405_augmented.jpg,1,4,3
405_augmented.jpg,1,4,3
406_augmented.jpg,1,4,3
406_augmented.jpg,1,4,3
407_augmented.jpg,1,1,1
407_augmented.jpg,1,1,1
408_augmented.jpg,1,4,1
408_augmented.jpg,1,4,1
409_augmented.jpg,1,4,1
409_augmented.jpg,1,4,1
410_augmented.jpg,1,4,2
410_augmented.jpg,1,4,2
411_augmented.jpg,1,4,2
411_augmented.jpg,1,4,2
412_augmented.jpg,1,4,2
412_augmented.jpg,1,4,2
413_augmented.jpg,1,4,3
413_augmented.jpg,1,4,3
414_augmented.jpg,1,1,2
414_augmented.jpg,1,1,2
415_augmented.jpg,1,4,1
415_augmented.jpg,1,4,1
416_augmented.jpg,1,4,1
416_augmented.jpg,1,4,1
417_augmented.jpg,1,1,2
417_augmented.jpg,1,1,2
418_augmented.jpg,1,4,1
418_augmented.jpg,1,4,1
419_augmented.jpg,1,2,1
419_augmented.jpg,1,2,1
420_augmented.jpg,1,1,3
420_augmented.jpg,1,1,3
421_augmented.jpg,1,4,3
421_augmented.jpg,1,4,3
422_augmented.jpg,1,4,3
422_augmented.jpg,1,4,3
423_augmented.jpg,1,4,3
423_augmented.jpg,1,4,3
424_augmented.jpg,1,4,2
424_augmented.jpg,1,4,2
425_augmented.jpg,1,4,3
425_augmented.jpg,1,4,3
426_augmented.jpg,1,4,1
426_augmented.jpg,1,4,1
427_augmented.jpg,1,4,2
427_augmented.jpg,1,4,2
428_augmented.jpg,1,4,2
428_augmented.jpg,1,4,2
429_augmented.jpg,1,4,2
429_augmented.jpg,1,4,2
430_augmented.jpg,1,4,3
430_augmented.jpg,1,4,3
431_augmented.jpg,1,4,1
431_augmented.jpg,1,4,1
432_augmented.jpg,1,4,3
432_augmented.jpg,1,4,3
433_augmented.jpg,1,4,2
433_augmented.jpg,1,4,2
434_augmented.jpg,1,4,3
434_augmented.jpg,1,4,3
435_augmented.jpg,1,4,1
435_augmented.jpg,1,4,1
436_augmented.jpg,1,4,2
436_augmented.jpg,1,4,2
437_augmented.jpg,1,4,2
437_augmented.jpg,1,4,2
438_augmented.jpg,1,4,3
438_augmented.jpg,1,4,3
439_augmented.jpg,1,4,2
439_augmented.jpg,1,4,2
440_augmented.jpg,1,4,3
440_augmented.jpg,1,4,3
441_augmented.jpg,1,4,1
441_augmented.jpg,1,4,1
442_augmented.jpg,1,4,1
442_augmented.jpg,1,4,1
443_augmented.jpg,1,4,3
443_augmented.jpg,1,4,3
444_augmented.jpg,1,4,2
444_augmented.jpg,1,4,2
445_augmented.jpg,1,4,3
445_augmented.jpg,1,4,3
446_augmented.jpg,1,4,1
446_augmented.jpg,1,4,1
447_augmented.jpg,1,1,3
447_augmented.jpg,1,1,3
448_augmented.jpg,1,4,3
448_augmented.jpg,1,4,3
449_augmented.jpg,1,4,1
449_augmented.jpg,1,4,1
450_augmented.jpg,1,4,3
450_augmented.jpg,1,4,3
451_augmented.jpg,1,4,3
451_augmented.jpg,1,4,3
452_augmented.jpg,1,2,1
452_augmented.jpg,1,2,1
453_augmented.jpg,1,4,3
453_augmented.jpg,1,4,3
454_augmented.jpg,1,1,3
454_augmented.jpg,1,1,3
455_augmented.jpg,1,4,2
455_augmented.jpg,1,4,2
456_augmented.jpg,1,4,2
456_augmented.jpg,1,4,2
457_augmented.jpg,1,4,2
457_augmented.jpg,1,4,2
458_augmented.jpg,1,4,2
458_augmented.jpg,1,4,2
459_augmented.jpg,1,4,1
459_augmented.jpg,1,4,1
460_augmented.jpg,1,4,2
460_augmented.jpg,1,4,2
461_augmented.jpg,1,1,3
461_augmented.jpg,1,1,3
462_augmented.jpg,1,1,3
462_augmented.jpg,1,1,3
463_augmented.jpg,1,1,2
463_augmented.jpg,1,1,2
464_augmented.jpg,1,4,3
464_augmented.jpg,1,4,3
465_augmented.jpg,1,4,1
465_augmented.jpg,1,4,1
466_augmented.jpg,1,4,1
466_augmented.jpg,1,4,1
467_augmented.jpg,1,4,3
467_augmented.jpg,1,4,3
468_augmented.jpg,1,4,3
468_augmented.jpg,1,4,3
469_augmented.jpg,1,4,2
469_augmented.jpg,1,4,2
470_augmented.jpg,1,4,2
470_augmented.jpg,1,4,2
471_augmented.jpg,1,4,2
471_augmented.jpg,1,4,2
472_augmented.jpg,1,4,3
472_augmented.jpg,1,4,3
473_augmented.jpg,1,4,3
473_augmented.jpg,1,4,3
474_augmented.jpg,1,4,3
474_augmented.jpg,1,4,3
475_augmented.jpg,1,4,4
475_augmented.jpg,1,4,4
476_augmented.jpg,1,2,2
476_augmented.jpg,1,2,2
477_augmented.jpg,1,4,1
477_augmented.jpg,1,4,1
478_augmented.jpg,1,4,1
478_augmented.jpg,1,4,1
479_augmented.jpg,1,4,2
479_augmented.jpg,1,4,2
480_augmented.jpg,1,4,3
480_augmented.jpg,1,4,3
481_augmented.jpg,1,4,2
481_augmented.jpg,1,4,2
482_augmented.jpg,1,3,3
482_augmented.jpg,1,3,3
483_augmented.jpg,1,4,3
483_augmented.jpg,1,4,3
484_augmented.jpg,1,1,1
484_augmented.jpg,1,1,1
485_augmented.jpg,1,4,2
485_augmented.jpg,1,4,2
486_augmented.jpg,1,4,3
486_augmented.jpg,1,4,3
487_augmented.jpg,1,1,3
487_augmented.jpg,1,1,3
488_augmented.jpg,1,4,1
488_augmented.jpg,1,4,1
489_augmented.jpg,1,4,3
489_augmented.jpg,1,4,3
490_augmented.jpg,1,4,1
490_augmented.jpg,1,4,1
491_augmented.jpg,1,4,3
491_augmented.jpg,1,4,3
492_augmented.jpg,1,4,3
492_augmented.jpg,1,4,3
493_augmented.jpg,1,4,2
493_augmented.jpg,1,4,2
494_augmented.jpg,1,4,3
494_augmented.jpg,1,4,3
495_augmented.jpg,1,4,3
495_augmented.jpg,1,4,3
496_augmented.jpg,1,4,3
496_augmented.jpg,1,4,3
497_augmented.jpg,1,4,3
497_augmented.jpg,1,4,3
498_augmented.jpg,1,4,3
498_augmented.jpg,1,4,3
499_augmented.jpg,1,4,3
499_augmented.jpg,1,4,3
500_augmented.jpg,1,4,2
500_augmented.jpg,1,4,2
501_augmented.jpg,1,4,2
501_augmented.jpg,1,4,2
502_augmented.jpg,1,4,2
502_augmented.jpg,1,4,2
503_augmented.jpg,1,4,3
503_augmented.jpg,1,4,3
504_augmented.jpg,1,4,1
504_augmented.jpg,1,4,1
505_augmented.jpg,1,4,1
505_augmented.jpg,1,4,1
506_augmented.jpg,1,4,2
506_augmented.jpg,1,4,2
507_augmented.jpg,1,4,3
507_augmented.jpg,1,4,3
508_augmented.jpg,1,3,3
508_augmented.jpg,1,3,3
509_augmented.jpg,1,4,2
509_augmented.jpg,1,4,2
510_augmented.jpg,1,4,2
510_augmented.jpg,1,4,2
511_augmented.jpg,1,4,1
511_augmented.jpg,1,4,1
512_augmented.jpg,1,4,2
512_augmented.jpg,1,4,2
513_augmented.jpg,1,4,2
513_augmented.jpg,1,4,2
514_augmented.jpg,1,4,1
514_augmented.jpg,1,4,1
515_augmented.jpg,1,4,2
515_augmented.jpg,1,4,2
516_augmented.jpg,1,4,3
516_augmented.jpg,1,4,3
517_augmented.jpg,1,4,3
517_augmented.jpg,1,4,3
518_augmented.jpg,1,4,3
518_augmented.jpg,1,4,3
519_augmented.jpg,1,4,2
519_augmented.jpg,1,4,2
520_augmented.jpg,1,4,3
520_augmented.jpg,1,4,3
521_augmented.jpg,1,4,1
521_augmented.jpg,1,4,1
522_augmented.jpg,1,4,1
522_augmented.jpg,1,4,1
523_augmented.jpg,1,4,2
523_augmented.jpg,1,4,2
524_augmented.jpg,1,1,1
524_augmented.jpg,1,1,1
525_augmented.jpg,1,4,3
525_augmented.jpg,1,4,3
526_augmented.jpg,1,4,1
526_augmented.jpg,1,4,1
527_augmented.jpg,1,4,3
527_augmented.jpg,1,4,3
528_augmented.jpg,1,4,2
528_augmented.jpg,1,4,2
529_augmented.jpg,1,4,3
529_augmented.jpg,1,4,3
530_augmented.jpg,1,4,2
530_augmented.jpg,1,4,2
531_augmented.jpg,1,4,2
531_augmented.jpg,1,4,2
532_augmented.jpg,1,4,3
532_augmented.jpg,1,4,3
533_augmented.jpg,1,4,1
533_augmented.jpg,1,4,1
534_augmented.jpg,1,4,2
534_augmented.jpg,1,4,2
535_augmented.jpg,1,4,3
535_augmented.jpg,1,4,3
536_augmented.jpg,1,4,3
536_augmented.jpg,1,4,3
537_augmented.jpg,1,4,3
537_augmented.jpg,1,4,3
538_augmented.jpg,1,4,2
538_augmented.jpg,1,4,2
539_augmented.jpg,1,4,3
539_augmented.jpg,1,4,3
540_augmented.jpg,1,4,3
540_augmented.jpg,1,4,3
541_augmented.jpg,1,4,3
541_augmented.jpg,1,4,3
542_augmented.jpg,1,4,2
542_augmented.jpg,1,4,2
543_augmented.jpg,1,4,2
543_augmented.jpg,1,4,2
544_augmented.jpg,1,4,2
544_augmented.jpg,1,4,2
545_augmented.jpg,1,4,3
545_augmented.jpg,1,4,3
546_augmented.jpg,1,4,2
546_augmented.jpg,1,4,2
547_augmented.jpg,1,4,2
547_augmented.jpg,1,4,2
548_augmented.jpg,1,4,2
548_augmented.jpg,1,4,2
549_augmented.jpg,1,4,2
549_augmented.jpg,1,4,2
550_augmented.jpg,1,4,1
550_augmented.jpg,1,4,1
551_augmented.jpg,1,4,1
551_augmented.jpg,1,4,1
552_augmented.jpg,1,4,1
552_augmented.jpg,1,4,1
553_augmented.jpg,1,4,2
553_augmented.jpg,1,4,2
554_augmented.jpg,1,4,1
554_augmented.jpg,1,4,1
555_augmented.jpg,1,4,2
555_augmented.jpg,1,4,2
556_augmented.jpg,1,4,2
556_augmented.jpg,1,4,2
557_augmented.jpg,1,4,3
557_augmented.jpg,1,4,3
558_augmented.jpg,1,4,2
558_augmented.jpg,1,4,2
559_augmented.jpg,1,4,2
559_augmented.jpg,1,4,2
560_augmented.jpg,1,4,3
560_augmented.jpg,1,4,3
561_augmented.jpg,1,4,3
561_augmented.jpg,1,4,3
562_augmented.jpg,1,4,2
562_augmented.jpg,1,4,2
563_augmented.jpg,1,4,2
563_augmented.jpg,1,4,2
564_augmented.jpg,1,4,2
564_augmented.jpg,1,4,2
565_augmented.jpg,1,4,2
565_augmented.jpg,1,4,2
566_augmented.jpg,1,4,2
566_augmented.jpg,1,4,2
567_augmented.jpg,1,4,2
567_augmented.jpg,1,4,2
568_augmented.jpg,1,4,2
568_augmented.jpg,1,4,2
569_augmented.jpg,1,4,2
569_augmented.jpg,1,4,2
570_augmented.jpg,1,4,2
570_augmented.jpg,1,4,2
571_augmented.jpg,1,4,2
571_augmented.jpg,1,4,2
572_augmented.jpg,1,4,2
572_augmented.jpg,1,4,2
573_augmented.jpg,1,4,2
573_augmented.jpg,1,4,2
574_augmented.jpg,1,4,2
574_augmented.jpg,1,4,2
575_augmented.jpg,1,4,3
575_augmented.jpg,1,4,3
576_augmented.jpg,1,4,3
576_augmented.jpg,1,4,3
577_augmented.jpg,1,4,2
577_augmented.jpg,1,4,2
578_augmented.jpg,1,4,3
578_augmented.jpg,1,4,3
579_augmented.jpg,1,4,1
579_augmented.jpg,1,4,1
580_augmented.jpg,1,4,2
580_augmented.jpg,1,4,2
581_augmented.jpg,1,4,2
581_augmented.jpg,1,4,2
582_augmented.jpg,1,4,3
582_augmented.jpg,1,4,3
583_augmented.jpg,1,2,2
583_augmented.jpg,1,2,2
584_augmented.jpg,1,4,2
584_augmented.jpg,1,4,2
585_augmented.jpg,1,4,1
585_augmented.jpg,1,4,1
586_augmented.jpg,1,4,2
586_augmented.jpg,1,4,2
587_augmented.jpg,1,4,2
587_augmented.jpg,1,4,2
588_augmented.jpg,1,4,2
588_augmented.jpg,1,4,2
589_augmented.jpg,1,4,2
589_augmented.jpg,1,4,2
590_augmented.jpg,1,4,3
590_augmented.jpg,1,4,3
591_augmented.jpg,1,4,3
591_augmented.jpg,1,4,3
592_augmented.jpg,1,4,1
592_augmented.jpg,1,4,1
593_augmented.jpg,1,4,2
593_augmented.jpg,1,4,2
594_augmented.jpg,1,4,3
594_augmented.jpg,1,4,3
595_augmented.jpg,1,4,3
595_augmented.jpg,1,4,3
596_augmented.jpg,1,4,3
596_augmented.jpg,1,4,3
597_augmented.jpg,1,4,3
597_augmented.jpg,1,4,3
598_augmented.jpg,1,4,3
598_augmented.jpg,1,4,3
599_augmented.jpg,1,4,1
599_augmented.jpg,1,4,1
600_augmented.jpg,1,4,3
600_augmented.jpg,1,4,3
601_augmented.jpg,1,4,3
601_augmented.jpg,1,4,3
602_augmented.jpg,1,4,2
602_augmented.jpg,1,4,2
603_augmented.jpg,1,4,3
603_augmented.jpg,1,4,3
604_augmented.jpg,1,4,3
604_augmented.jpg,1,4,3
605_augmented.jpg,1,4,3
605_augmented.jpg,1,4,3
606_augmented.jpg,1,4,3
606_augmented.jpg,1,4,3
607_augmented.jpg,1,4,2
607_augmented.jpg,1,4,2
608_augmented.jpg,1,4,3
608_augmented.jpg,1,4,3
609_augmented.jpg,1,4,3
609_augmented.jpg,1,4,3
610_augmented.jpg,1,4,1
610_augmented.jpg,1,4,1
611_augmented.jpg,1,4,3
611_augmented.jpg,1,4,3
612_augmented.jpg,1,4,3
612_augmented.jpg,1,4,3
613_augmented.jpg,1,1,1
613_augmented.jpg,1,1,1
614_augmented.jpg,1,4,1
614_augmented.jpg,1,4,1
615_augmented.jpg,1,4,3
615_augmented.jpg,1,4,3
616_augmented.jpg,1,4,3
616_augmented.jpg,1,4,3
617_augmented.jpg,1,4,3
617_augmented.jpg,1,4,3
618_augmented.jpg,1,4,2
618_augmented.jpg,1,4,2
619_augmented.jpg,1,4,3
619_augmented.jpg,1,4,3
620_augmented.jpg,1,4,1
620_augmented.jpg,1,4,1
621_augmented.jpg,1,4,3
621_augmented.jpg,1,4,3
622_augmented.jpg,2,4,4
622_augmented.jpg,2,4,4
623_augmented.jpg,2,4,4
623_augmented.jpg,2,4,4
624_augmented.jpg,2,3,4
624_augmented.jpg,2,3,4
625_augmented.jpg,2,4,4
625_augmented.jpg,2,4,4
626_augmented.jpg,2,4,4
626_augmented.jpg,2,4,4
627_augmented.jpg,2,1,4
627_augmented.jpg,2,1,4
628_augmented.jpg,2,4,4
628_augmented.jpg,2,4,4
629_augmented.jpg,2,4,4
629_augmented.jpg,2,4,4
630_augmented.jpg,2,1,4
630_augmented.jpg,2,1,4
631_augmented.jpg,2,1,4
631_augmented.jpg,2,1,4
632_augmented.jpg,2,4,4
632_augmented.jpg,2,4,4
633_augmented.jpg,2,1,4
633_augmented.jpg,2,1,4
634_augmented.jpg,2,4,4
634_augmented.jpg,2,4,4
635_augmented.jpg,2,4,4
635_augmented.jpg,2,4,4
636_augmented.jpg,2,1,4
636_augmented.jpg,2,1,4
637_augmented.jpg,2,1,4
637_augmented.jpg,2,1,4
638_augmented.jpg,2,1,4
638_augmented.jpg,2,1,4
639_augmented.jpg,2,1,4
639_augmented.jpg,2,1,4
640_augmented.jpg,2,4,4
640_augmented.jpg,2,4,4
641_augmented.jpg,2,1,4
641_augmented.jpg,2,1,4
642_augmented.jpg,2,1,4
642_augmented.jpg,2,1,4
643_augmented.jpg,2,4,4
643_augmented.jpg,2,4,4
644_augmented.jpg,2,4,4
644_augmented.jpg,2,4,4
645_augmented.jpg,2,4,4
645_augmented.jpg,2,4,4
646_augmented.jpg,2,1,4
646_augmented.jpg,2,1,4
647_augmented.jpg,2,4,4
647_augmented.jpg,2,4,4
648_augmented.jpg,2,4,4
648_augmented.jpg,2,4,4
649_augmented.jpg,2,4,4
649_augmented.jpg,2,4,4
650_augmented.jpg,2,1,4
650_augmented.jpg,2,1,4
651_augmented.jpg,2,4,4
651_augmented.jpg,2,4,4
652_augmented.jpg,2,4,4
652_augmented.jpg,2,4,4
653_augmented.jpg,2,4,4
653_augmented.jpg,2,4,4
654_augmented.jpg,2,1,4
654_augmented.jpg,2,1,4
655_augmented.jpg,2,4,4
655_augmented.jpg,2,4,4
656_augmented.jpg,2,4,4
656_augmented.jpg,2,4,4
657_augmented.jpg,2,1,4
657_augmented.jpg,2,1,4
658_augmented.jpg,2,4,4
658_augmented.jpg,2,4,4
659_augmented.jpg,2,4,4
659_augmented.jpg,2,4,4
660_augmented.jpg,2,4,4
660_augmented.jpg,2,4,4
661_augmented.jpg,2,4,4
661_augmented.jpg,2,4,4
662_augmented.jpg,2,4,4
662_augmented.jpg,2,4,4
663_augmented.jpg,2,1,4
663_augmented.jpg,2,1,4
664_augmented.jpg,2,4,4
664_augmented.jpg,2,4,4
665_augmented.jpg,2,4,4
665_augmented.jpg,2,4,4
666_augmented.jpg,2,4,4
666_augmented.jpg,2,4,4
667_augmented.jpg,2,4,4
667_augmented.jpg,2,4,4
668_augmented.jpg,2,4,4
668_augmented.jpg,2,4,4
669_augmented.jpg,2,4,4
669_augmented.jpg,2,4,4
670_augmented.jpg,2,1,4
670_augmented.jpg,2,1,4
671_augmented.jpg,2,1,4
671_augmented.jpg,2,1,4
672_augmented.jpg,2,4,4
672_augmented.jpg,2,4,4
673_augmented.jpg,2,4,4
673_augmented.jpg,2,4,4
674_augmented.jpg,2,4,4
674_augmented.jpg,2,4,4
675_augmented.jpg,2,1,4
675_augmented.jpg,2,1,4
676_augmented.jpg,2,4,4
676_augmented.jpg,2,4,4
677_augmented.jpg,2,3,4
677_augmented.jpg,2,3,4
678_augmented.jpg,2,4,4
678_augmented.jpg,2,4,4
679_augmented.jpg,2,4,4
679_augmented.jpg,2,4,4
680_augmented.jpg,2,4,4
680_augmented.jpg,2,4,4
681_augmented.jpg,2,4,4
681_augmented.jpg,2,4,4
682_augmented.jpg,2,4,4
682_augmented.jpg,2,4,4
683_augmented.jpg,2,4,4
683_augmented.jpg,2,4,4
684_augmented.jpg,2,4,4
684_augmented.jpg,2,4,4
685_augmented.jpg,2,4,4
685_augmented.jpg,2,4,4
686_augmented.jpg,2,4,4
686_augmented.jpg,2,4,4
687_augmented.jpg,2,4,4
687_augmented.jpg,2,4,4
688_augmented.jpg,2,4,4
688_augmented.jpg,2,4,4
689_augmented.jpg,2,4,4
689_augmented.jpg,2,4,4
690_augmented.jpg,2,4,4
690_augmented.jpg,2,4,4
691_augmented.jpg,2,4,4
691_augmented.jpg,2,4,4
692_augmented.jpg,2,4,4
692_augmented.jpg,2,4,4
693_augmented.jpg,2,4,4
693_augmented.jpg,2,4,4
694_augmented.jpg,2,4,4
694_augmented.jpg,2,4,4
695_augmented.jpg,2,4,4
695_augmented.jpg,2,4,4
696_augmented.jpg,2,4,4
696_augmented.jpg,2,4,4
697_augmented.jpg,2,4,4
697_augmented.jpg,2,4,4
698_augmented.jpg,2,4,4
698_augmented.jpg,2,4,4
699_augmented.jpg,2,1,4
699_augmented.jpg,2,1,4
700_augmented.jpg,2,4,4
700_augmented.jpg,2,4,4
701_augmented.jpg,2,4,4
701_augmented.jpg,2,4,4
702_augmented.jpg,2,4,4
702_augmented.jpg,2,4,4
703_augmented.jpg,2,4,4
703_augmented.jpg,2,4,4
704_augmented.jpg,2,1,4
704_augmented.jpg,2,1,4
705_augmented.jpg,2,4,4
705_augmented.jpg,2,4,4
706_augmented.jpg,2,1,4
706_augmented.jpg,2,1,4
707_augmented.jpg,2,2,4
707_augmented.jpg,2,2,4
708_augmented.jpg,2,2,4
708_augmented.jpg,2,2,4
709_augmented.jpg,2,2,4
709_augmented.jpg,2,2,4
710_augmented.jpg,2,1,4
710_augmented.jpg,2,1,4
711_augmented.jpg,2,3,4
711_augmented.jpg,2,3,4
712_augmented.jpg,2,4,4
712_augmented.jpg,2,4,4
